eid,title,authors,year,journal,doi,citations,Scopus_Web_Link,Is_Gold_Standard,Found_By_Queries,Relevance_Score
2-s2.0-85137571822,Factors Associated with Overuse of Health Care Within US Health Systems: A Cross-sectional Analysis of Medicare Beneficiaries from 2016 to 2018,Segal J.B.,2022,JAMA Health Forum,10.1001/jamahealthforum.2021.4543,27,https://www.scopus.com/record/display.uri?eid=2-s2.0-85137571822&origin=resultslist,True,"1_High_Precision_Mention, 3_Proxy_Citation",16
2-s2.0-85133526512,Integration vs Collaborative Redesign Strategies of Health Systems’ Supply Chains in the Post-COVID-19 New Normal: Cross-sectional Survey across the United States,Khuntia J.,2022,Jmir Formative Research,10.2196/35317,6,https://www.scopus.com/record/display.uri?eid=2-s2.0-85133526512&origin=resultslist,True,1_High_Precision_Mention,15
2-s2.0-85128121072,Competition and Integration of US Health Systems in the Post-COVID-19 New Normal: Cross-sectional Survey,Khuntia J.,2022,Jmir Formative Research,10.2196/32477,3,https://www.scopus.com/record/display.uri?eid=2-s2.0-85128121072&origin=resultslist,True,1_High_Precision_Mention,15
2-s2.0-85099565948,The Missed Opportunity of Primary Care Providers’ Online Biographies: a Content Analysis of US Health Systems in 2020,Perrault E.K.,2021,Journal of General Internal Medicine,10.1007/s11606-020-06485-8,2,https://www.scopus.com/record/display.uri?eid=2-s2.0-85099565948&origin=resultslist,True,1_High_Precision_Mention,15
2-s2.0-85130642366,Influence of Hospital Characteristics on Hospital Transfer Destinations for Patients with Stroke,Zachrison K.S.,2022,Circulation Cardiovascular Quality and Outcomes,10.1161/CIRCOUTCOMES.121.008269,10,https://www.scopus.com/record/display.uri?eid=2-s2.0-85130642366&origin=resultslist,True,2_Direct_Reference,13
2-s2.0-105002323099,Does physician-hospital vertical integration signal care-coordination? Evidence from mover-stayer analysis of commercially insured enrollees,Encinosa W.,2025,Journal of Health Economics,10.1016/j.jhealeco.2025.102997,0,https://www.scopus.com/record/display.uri?eid=2-s2.0-105002323099&origin=resultslist,True,3_Proxy_Citation,11
2-s2.0-85177738449,Improving health equity through health care systems research,Chisolm D.J.,2023,Health Services Research,10.1111/1475-6773.14192,16,https://www.scopus.com/record/display.uri?eid=2-s2.0-85177738449&origin=resultslist,True,3_Proxy_Citation,11
2-s2.0-85175220851,Racial differences in low value care among older adult Medicare patients in US health systems: Retrospective cohort study,Ganguli I.,2023,BMJ,10.1136/bmj-2023-074908,10,https://www.scopus.com/record/display.uri?eid=2-s2.0-85175220851&origin=resultslist,True,3_Proxy_Citation,11
2-s2.0-85147904502,Reducing Overuse by Healthcare Systems: A Positive Deviance Analysis,Ellenbogen M.I.,2023,Journal of General Internal Medicine,10.1007/s11606-023-08060-3,8,https://www.scopus.com/record/display.uri?eid=2-s2.0-85147904502&origin=resultslist,True,3_Proxy_Citation,11
2-s2.0-85156189695,Hub and spoke framework for study of surgical centralization within United States health systems,Broman K.,2023,American Journal of Surgery,10.1016/j.amjsurg.2023.05.006,4,https://www.scopus.com/record/display.uri?eid=2-s2.0-85156189695&origin=resultslist,True,3_Proxy_Citation,11
2-s2.0-85099417722,"Geographic variation in the consolidation of physicians into health systems, 2016–18",Kimmey L.,2021,Health Affairs,10.1377/hlthaff.2020.00812,14,https://www.scopus.com/record/display.uri?eid=2-s2.0-85099417722&origin=resultslist,True,3_Proxy_Citation,11
2-s2.0-85211931135,Does Physician-Hospital Vertical Integration Affect Hospital Output?,Upadhyay S.,2024,Health Services Insights,10.1177/11786329241304619,0,https://www.scopus.com/record/display.uri?eid=2-s2.0-85211931135&origin=resultslist,False,1_High_Precision_Mention,5
2-s2.0-105004032689,The Anatomic Pathology Hospitalist Model A Novel Approach to Frozen Section Practice in a Tertiary Care Center,Chapel E.E.,2025,Archives of Pathology and Laboratory Medicine,10.5858/arpa.2024-0056-OA,0,https://www.scopus.com/record/display.uri?eid=2-s2.0-105004032689&origin=resultslist,False,"2_Direct_Reference, 3_Proxy_Citation",4
2-s2.0-105007322937,Outcomes for Very Preterm Infants Across Health Systems,Rogowski J.A.,2025,JAMA Network Open,10.1001/jamanetworkopen.2025.13274,0,https://www.scopus.com/record/display.uri?eid=2-s2.0-105007322937&origin=resultslist,False,"2_Direct_Reference, 3_Proxy_Citation",4
2-s2.0-105006819186,"State Health Care Cost Commissions: Their Priorities and How States’ Political Leanings, Commercial Hospital Prices, and Medicaid Spending Predict Their Establishment",Fulton B.D.,2025,Milbank Quarterly,10.1111/1468-0009.70019,0,https://www.scopus.com/record/display.uri?eid=2-s2.0-105006819186&origin=resultslist,False,"2_Direct_Reference, 3_Proxy_Citation",4
2-s2.0-105003919850,Private Equity Investment in Plastic Surgery Clinics: A Scoping Review,Roth J.M.,2025,Plastic and Reconstructive Surgery,10.1097/PRS.0000000000012164,0,https://www.scopus.com/record/display.uri?eid=2-s2.0-105003919850&origin=resultslist,False,"2_Direct_Reference, 3_Proxy_Citation",4
2-s2.0-85187786751,Private Payers and Cancer Care: Revisiting the Land of Opportunity,Kolodziej M.A.,2024,JCO Oncology Practice,10.1200/OP.23.00632,1,https://www.scopus.com/record/display.uri?eid=2-s2.0-85187786751&origin=resultslist,False,"2_Direct_Reference, 3_Proxy_Citation",4
2-s2.0-85168162268,Association of the Range of Outpatient Services Provided by Primary Care Physicians with Subsequent Health Care Costs and Utilization,Rich E.C.,2023,Journal of General Internal Medicine,10.1007/s11606-023-08363-5,3,https://www.scopus.com/record/display.uri?eid=2-s2.0-85168162268&origin=resultslist,False,"2_Direct_Reference, 3_Proxy_Citation",4
2-s2.0-85169404002,CARE SYSTEMS COVID-19 IMPACT ASSESSMENT: LESSONS LEARNED AND COMPELLING NEEDS,Balser J.,2023,Emerging Stronger from Covid 19 Priorities for Health System Transformation,10.17226/26657.3,0,https://www.scopus.com/record/display.uri?eid=2-s2.0-85169404002&origin=resultslist,False,"2_Direct_Reference, 3_Proxy_Citation",4
2-s2.0-85195534060,Using 42 CFR part 2 revisions to integrate substance use disorder treatment information into electronic health records at a safety net health system,Tillman A.R.,2024,Addiction Science and Clinical Practice,10.1186/s13722-024-00477-3,2,https://www.scopus.com/record/display.uri?eid=2-s2.0-85195534060&origin=resultslist,False,2_Direct_Reference,3
2-s2.0-85165519517,Relationship Between In-Hospital Adverse Events and Hospital Performance on 30-Day All-cause Mortality and Readmission for Patients With Heart Failure,Wang Y.,2023,Circulation Cardiovascular Quality and Outcomes,10.1161/CIRCOUTCOMES.122.009573,1,https://www.scopus.com/record/display.uri?eid=2-s2.0-85165519517&origin=resultslist,False,2_Direct_Reference,3
2-s2.0-85099243840,Estimates of ACO savings in the presence of provider and beneficiary selection,Ouayogodé M.H.,2021,Healthcare,10.1016/j.hjdsi.2020.100460,9,https://www.scopus.com/record/display.uri?eid=2-s2.0-85099243840&origin=resultslist,False,2_Direct_Reference,3
2-s2.0-85109674505,The application of organizational slack to hospital system responsiveness during the COVID-19 pandemic,McHugh J.P.,2021,Journal of Hospital Management and Health Policy,10.21037/jhmhp-21-13,4,https://www.scopus.com/record/display.uri?eid=2-s2.0-85109674505&origin=resultslist,False,2_Direct_Reference,3
2-s2.0-85210532569,"The Association of Hospital-Cardiologist Integration With Patient Outcomes, Care Quality, and Utilization",Moghtaderi A.,2025,Journal of the American College of Cardiology,10.1016/j.jacc.2024.10.109,2,https://www.scopus.com/record/display.uri?eid=2-s2.0-85210532569&origin=resultslist,False,3_Proxy_Citation,1
2-s2.0-85217569562,Esophagectomy Trends and Postoperative Outcomes at Private Equity-Acquired Health Centers,Williams J.E.,2025,JAMA Surgery,10.1001/jamasurg.2024.5920,1,https://www.scopus.com/record/display.uri?eid=2-s2.0-85217569562&origin=resultslist,False,3_Proxy_Citation,1
2-s2.0-85199809368,"Demand and Supply Drivers of Medicare and Non-Medicare Health Spending: An Analysis of U.S. States, 1991–2019",Gaffney A.,2025,International Journal of Social Determinants of Health and Health Services,10.1177/27551938241258399,1,https://www.scopus.com/record/display.uri?eid=2-s2.0-85199809368&origin=resultslist,False,3_Proxy_Citation,1
2-s2.0-85217136411,"Prevalence, trends, and outcomes of same-day discharge following elective percutaneous coronary intervention: a retrospective observational cohort study using routinely collected health data",Chen Y.,2025,European Journal of Cardiovascular Nursing,10.1093/eurjcn/zvae125,1,https://www.scopus.com/record/display.uri?eid=2-s2.0-85217136411&origin=resultslist,False,3_Proxy_Citation,1
2-s2.0-85204905503,Identifying opportunities for community EMS fall prevention,Friend T.H.,2025,Injury,10.1016/j.injury.2024.111915,1,https://www.scopus.com/record/display.uri?eid=2-s2.0-85204905503&origin=resultslist,False,3_Proxy_Citation,1
2-s2.0-105007796373,Primary Care Physician Characteristics and Low-Value Care Provision in Japan,Miyawaki A.,2025,JAMA Health Forum,10.1001/jamahealthforum.2025.1430,0,https://www.scopus.com/record/display.uri?eid=2-s2.0-105007796373&origin=resultslist,False,3_Proxy_Citation,1
2-s2.0-85219543611,Postoperative outcomes following lung resection performed at private equity–acquired hospitals,Williams J.E.,2025,Journal of Thoracic and Cardiovascular Surgery,10.1016/j.jtcvs.2024.12.032,0,https://www.scopus.com/record/display.uri?eid=2-s2.0-85219543611&origin=resultslist,False,3_Proxy_Citation,1
2-s2.0-105001850809,Pulmonary Hypertension Care Delivery in the United States: Is It Time to Get with the Guidelines?,Gillmeyer K.R.,2025,American Journal of Respiratory and Critical Care Medicine,10.1164/rccm.202501-0107ED,0,https://www.scopus.com/record/display.uri?eid=2-s2.0-105001850809&origin=resultslist,False,3_Proxy_Citation,1
2-s2.0-105002232677,Trends in Private Equity Owned Otolaryngology Practice Clinician Distribution,Asthana S.,2025,Oto Open,10.1002/oto2.70112,0,https://www.scopus.com/record/display.uri?eid=2-s2.0-105002232677&origin=resultslist,False,3_Proxy_Citation,1
2-s2.0-85212930852,"Evaluating the impact of 2011 tort reform limiting noneconomic damages in North Carolina and Tennessee on testing, imaging, and procedure utilization",Ellenbogen M.I.,2025,Health Services Research,10.1111/1475-6773.14424,0,https://www.scopus.com/record/display.uri?eid=2-s2.0-85212930852&origin=resultslist,False,3_Proxy_Citation,1
2-s2.0-105001380754,Associations of Chinese diagnosis-related group system with low-value coronary revascularisation: An interrupted time series analysis,Zou K.,2025,BMJ Open,10.1136/bmjopen-2024-087165,0,https://www.scopus.com/record/display.uri?eid=2-s2.0-105001380754&origin=resultslist,False,3_Proxy_Citation,1
2-s2.0-85216531461,Racial and Ethnic Differences in Low-Value Care Among Older Adults in a Large Statewide Health System,Oronce C.I.A.,2025,Journal of the American Geriatrics Society,10.1111/jgs.19369,0,https://www.scopus.com/record/display.uri?eid=2-s2.0-85216531461&origin=resultslist,False,3_Proxy_Citation,1
2-s2.0-85219497303,Incorporating Economic Evidence in Clinical Guidelines: A Framework From the Clinical Guidelines Committee of the American College of Physicians,Qaseem A.,2025,Annals of Internal Medicine,10.7326/ANNALS-24-02149,0,https://www.scopus.com/record/display.uri?eid=2-s2.0-85219497303&origin=resultslist,False,3_Proxy_Citation,1
2-s2.0-85216010329,Increasing and Diversifying the Primary Care Physician Workforce,Penn D.C.,2025,Family Practice,10.1093/fampra/cmae076,0,https://www.scopus.com/record/display.uri?eid=2-s2.0-85216010329&origin=resultslist,False,3_Proxy_Citation,1
2-s2.0-105004352464,A Policy and Regulatory Framework to Promote Care Delivery Redesign and Production Efficiency in Health Care Markets,Scanlon D.P.,2025,Milbank Quarterly,10.1111/1468-0009.70016,0,https://www.scopus.com/record/display.uri?eid=2-s2.0-105004352464&origin=resultslist,False,3_Proxy_Citation,1
2-s2.0-105007758473,Toward a Better Understanding of Primary Care Physician Career Typologies,Fraher E.,2025,Medical Care,10.1097/MLR.0000000000002167,0,https://www.scopus.com/record/display.uri?eid=2-s2.0-105007758473&origin=resultslist,False,3_Proxy_Citation,1
2-s2.0-105000749769,Changes in Employment and Practice Locations Among Radiation Oncologists: 2015-2023,Lu S.G.,2025,International Journal of Radiation Oncology Biology Physics,10.1016/j.ijrobp.2025.02.036,0,https://www.scopus.com/record/display.uri?eid=2-s2.0-105000749769&origin=resultslist,False,3_Proxy_Citation,1
2-s2.0-105005988373,The effect of overuse by primary healthcare institutions on medical expenses: an empirical study from the western regions of China,Zhang Y.,2025,Frontiers in Public Health,10.3389/fpubh.2025.1588806,0,https://www.scopus.com/record/display.uri?eid=2-s2.0-105005988373&origin=resultslist,False,3_Proxy_Citation,1
2-s2.0-105007890964,Testing for moral hazard: a longitudinal examination of group life and health insurance in Taiwan,Hsu W.Y.,2025,Geneva Papers on Risk and Insurance Issues and Practice,10.1057/s41288-025-00354-3,0,https://www.scopus.com/record/display.uri?eid=2-s2.0-105007890964&origin=resultslist,False,3_Proxy_Citation,1
2-s2.0-85217398779,Guideline Adherence as an Indicator of PET Scan Overuse in an Italian Teaching Hospital: An Observational Study,Cascini G.L.,2025,Current Radiopharmaceuticals,10.2174/0118744710290906240408094829,0,https://www.scopus.com/record/display.uri?eid=2-s2.0-85217398779&origin=resultslist,False,3_Proxy_Citation,1
2-s2.0-105005235994,"Shifts in total medical expenses by health coverage changes among the low-income, medically vulnerable population in South Korea",Park I.,2025,Environmental Health and Preventive Medicine,10.1265/ehpm.24-00409,0,https://www.scopus.com/record/display.uri?eid=2-s2.0-105005235994&origin=resultslist,False,3_Proxy_Citation,1
2-s2.0-85214776982,"Health Care Finance, Economics, and Policy for Nurses: A Foundational Guide, Third Edition",Rambur B.,2025,Health Care Finance Economics and Policy for Nurses A Foundational Guide Third Edition,10.1891/9780826172365,0,https://www.scopus.com/record/display.uri?eid=2-s2.0-85214776982&origin=resultslist,False,3_Proxy_Citation,1
2-s2.0-105000493341,Effective Roles of Primary Care Clinics in Lowering Total Cost of Care Among Commercially Insured Populations: A Systematic Review,Debbarma A.,2025,Medical Care Research and Review,10.1177/10775587251323636,0,https://www.scopus.com/record/display.uri?eid=2-s2.0-105000493341&origin=resultslist,False,3_Proxy_Citation,1
2-s2.0-105003947630,Editorial: Medical overuse and underuse in healthcare systems,Arab-Zozani M.,2025,Frontiers in Public Health,10.3389/fpubh.2025.1590328,0,https://www.scopus.com/record/display.uri?eid=2-s2.0-105003947630&origin=resultslist,False,3_Proxy_Citation,1
2-s2.0-85216621276,Development of International Quality Measures Targeting Low-Value Care in Hand Surgery,Schultz E.A.,2025,Journal of Hand Surgery,10.1016/j.jhsa.2024.12.010,0,https://www.scopus.com/record/display.uri?eid=2-s2.0-85216621276&origin=resultslist,False,3_Proxy_Citation,1
2-s2.0-105005183653,Breaking with the status quo in end-of-life care through de-implementation,Malhotra C.,2025,Journal of Internal Medicine,10.1111/joim.20086,0,https://www.scopus.com/record/display.uri?eid=2-s2.0-105005183653&origin=resultslist,False,3_Proxy_Citation,1
2-s2.0-105006897167,Reduction in the Concomitant Ordering of Erythrocyte Sedimentation Rate and C-Reactive Protein Within a Large Academic Medical Center,Desai R.,2025,Journal of General Internal Medicine,10.1007/s11606-025-09632-1,0,https://www.scopus.com/record/display.uri?eid=2-s2.0-105006897167&origin=resultslist,False,3_Proxy_Citation,1
2-s2.0-85218166199,Denominator and Composite Calculation Errors in Study of Health System Low-Value Services,Ganguli I.,2025,JAMA Internal Medicine,10.1001/jamainternmed.2024.8190,0,https://www.scopus.com/record/display.uri?eid=2-s2.0-85218166199&origin=resultslist,False,3_Proxy_Citation,1
2-s2.0-105000526890,Does Low-Value Care Explain Health Care Utilization Inequities Among Asian and Latino Populations?,Park S.,2025,Health Services Research,10.1111/1475-6773.14610,0,https://www.scopus.com/record/display.uri?eid=2-s2.0-105000526890&origin=resultslist,False,3_Proxy_Citation,1
2-s2.0-86000160954,Telemedicine Adoption and Low-Value Care Use and Spending Among Fee-for-Service Medicare Beneficiaries,Ganguli I.,2025,JAMA Internal Medicine,10.1001/jamainternmed.2024.8354,0,https://www.scopus.com/record/display.uri?eid=2-s2.0-86000160954&origin=resultslist,False,3_Proxy_Citation,1
2-s2.0-85185614411,Health Care Contact Days Among Older Adults in Traditional Medicare A Cross-Sectional Study,Ganguli I.,2024,Annals of Internal Medicine,10.7326/M23-2331,21,https://www.scopus.com/record/display.uri?eid=2-s2.0-85185614411&origin=resultslist,False,3_Proxy_Citation,1
2-s2.0-85187172850,Comparison of prior authorization across insurers: cross sectional evidence from Medicare Advantage,Gupta R.,2024,BMJ,10.1136/bmj-2023-077797,10,https://www.scopus.com/record/display.uri?eid=2-s2.0-85187172850&origin=resultslist,False,3_Proxy_Citation,1
2-s2.0-85183052672,Healthcare contact days among older adults living with dementia,Chant E.D.,2024,Journal of the American Geriatrics Society,10.1111/jgs.18744,9,https://www.scopus.com/record/display.uri?eid=2-s2.0-85183052672&origin=resultslist,False,3_Proxy_Citation,1
2-s2.0-85183834884,Vendor selection in the wake of data breaches: A longitudinal study,Wang Q.,2024,Journal of Operations Management,10.1002/joom.1294,8,https://www.scopus.com/record/display.uri?eid=2-s2.0-85183834884&origin=resultslist,False,3_Proxy_Citation,1
2-s2.0-85192543045,Perspectives on low-value care and barriers to de-implementation among primary care physicians: a multinational survey,Raudasoja A.,2024,BMC Primary Care,10.1186/s12875-024-02382-9,7,https://www.scopus.com/record/display.uri?eid=2-s2.0-85192543045&origin=resultslist,False,3_Proxy_Citation,1
2-s2.0-85165592277,"“Not what we signed up for”: Nurse shortages, physician scarcity, and time for collective bargaining?",Mayes R.,2024,World Medical and Health Policy,10.1002/wmh3.581,6,https://www.scopus.com/record/display.uri?eid=2-s2.0-85165592277&origin=resultslist,False,3_Proxy_Citation,1
2-s2.0-85186044652,"The Economics of Health and Health Care, Ninth Edition",Folland S.,2024,Economics of Health and Health Care Ninth Edition,10.4324/9781003308409,6,https://www.scopus.com/record/display.uri?eid=2-s2.0-85186044652&origin=resultslist,False,3_Proxy_Citation,1
2-s2.0-85171587063,The local environment matters: Evidence from digital healthcare services for patient engagement,Aljafari R.,2024,Journal of the Academy of Marketing Science,10.1007/s11747-023-00972-0,4,https://www.scopus.com/record/display.uri?eid=2-s2.0-85171587063&origin=resultslist,False,3_Proxy_Citation,1
2-s2.0-85208292006,Evaluation of Low-Value Services Across Major Medicare Advantage Insurers and Traditional Medicare,Duggan C.,2024,JAMA Network Open,10.1001/jamanetworkopen.2024.42633,3,https://www.scopus.com/record/display.uri?eid=2-s2.0-85208292006&origin=resultslist,False,3_Proxy_Citation,1
2-s2.0-85178217137,Leveraging Health Systems to Expand and Enhance Antibiotic Stewardship in Outpatient Settings,Rodzik R.H.,2024,Joint Commission Journal on Quality and Patient Safety,10.1016/j.jcjq.2023.10.007,3,https://www.scopus.com/record/display.uri?eid=2-s2.0-85178217137&origin=resultslist,False,3_Proxy_Citation,1
2-s2.0-85187964970,Accountable Care Organization Leader Perspectives on the Medicare Shared Savings Program: A Qualitative Study,Khullar D.,2024,JAMA Health Forum,10.1001/jamahealthforum.2024.0126,3,https://www.scopus.com/record/display.uri?eid=2-s2.0-85187964970&origin=resultslist,False,3_Proxy_Citation,1
2-s2.0-85181395574,Trends in Low-Value Care Among Children’s Hospitals,House S.A.,2024,Pediatrics,10.1542/peds.2023-062492,3,https://www.scopus.com/record/display.uri?eid=2-s2.0-85181395574&origin=resultslist,False,3_Proxy_Citation,1
2-s2.0-85150915870,Training the next generation of delivery science researchers: 10-year experience of a post-doctoral research fellowship program within an integrated care system,Grant R.W.,2024,Learning Health Systems,10.1002/lrh2.10361,3,https://www.scopus.com/record/display.uri?eid=2-s2.0-85150915870&origin=resultslist,False,3_Proxy_Citation,1
2-s2.0-85162260770,The Use and Downstream Associations of Magnetic Resonance Imaging for Lateral Epicondylitis,Shapiro L.M.,2024,Journal of Hand Surgery,10.1016/j.jhsa.2023.03.025,2,https://www.scopus.com/record/display.uri?eid=2-s2.0-85162260770&origin=resultslist,False,3_Proxy_Citation,1
2-s2.0-85205524718,Relationship Between Insurance Status and Receipt of Cardiac Tests and Procedures During Hospitalization: A Cross-Sectional Study,Ellenbogen M.I.,2024,Journal of the American Heart Association,10.1161/JAHA.124.035797,2,https://www.scopus.com/record/display.uri?eid=2-s2.0-85205524718&origin=resultslist,False,3_Proxy_Citation,1
2-s2.0-85200826993,Medicaid Insurance is Associated With Decreased MRI Use for Ankle Sprains Compared With Private Insurance: A Retrospective Large-database Analysis,Zhuang T.,2024,Clinical Orthopaedics and Related Research,10.1097/CORR.0000000000002943,2,https://www.scopus.com/record/display.uri?eid=2-s2.0-85200826993&origin=resultslist,False,3_Proxy_Citation,1
2-s2.0-85193002117,"Low-value health care, de-implementation, and implications for nursing research: A discussion paper",Beks H.,2024,International Journal of Nursing Studies,10.1016/j.ijnurstu.2024.104780,2,https://www.scopus.com/record/display.uri?eid=2-s2.0-85193002117&origin=resultslist,False,3_Proxy_Citation,1
2-s2.0-85192050194,"Superior medical resources or geographic proximity? The joint effects of regional medical resource disparity, geographic distance, and cultural differences on online medical consultation",Liu X.,2024,Social Science and Medicine,10.1016/j.socscimed.2024.116911,2,https://www.scopus.com/record/display.uri?eid=2-s2.0-85192050194&origin=resultslist,False,3_Proxy_Citation,1
2-s2.0-85186740430,Association between surgical quality and long-term survival in lung cancer,Lee J.D.,2024,Lung Cancer,10.1016/j.lungcan.2024.107511,2,https://www.scopus.com/record/display.uri?eid=2-s2.0-85186740430&origin=resultslist,False,3_Proxy_Citation,1
2-s2.0-85181157044,Inefficiencies of care in hub and spoke healthcare systems: A multi-state cohort study,Brooks E.S.,2024,American Journal of Surgery,10.1016/j.amjsurg.2023.12.023,2,https://www.scopus.com/record/display.uri?eid=2-s2.0-85181157044&origin=resultslist,False,3_Proxy_Citation,1
2-s2.0-85201638223,Success factors for interventions to reduce low-value imaging. Six crucial lessons learned from a practical case study in Norway,Hofmann B.,2024,Current Problems in Diagnostic Radiology,10.1067/j.cpradiol.2024.08.007,1,https://www.scopus.com/record/display.uri?eid=2-s2.0-85201638223&origin=resultslist,False,3_Proxy_Citation,1
2-s2.0-85203420319,Associations between Integration and Patient Experience in Hospital-Based Health Systems: An Exploration of Horizontal and Vertical Forms of Integration,Torres J.S.,2024,Journal of Healthcare Management,10.1097/JHM-D-23-00266,1,https://www.scopus.com/record/display.uri?eid=2-s2.0-85203420319&origin=resultslist,False,3_Proxy_Citation,1
2-s2.0-85195690133,Antiretroviral Therapy Use and Disparities Among Medicare Beneficiaries with HIV,Figueroa J.F.,2024,Journal of General Internal Medicine,10.1007/s11606-024-08847-y,1,https://www.scopus.com/record/display.uri?eid=2-s2.0-85195690133&origin=resultslist,False,3_Proxy_Citation,1
2-s2.0-85202533081,Race and Ethnicity and Diagnostic Testing for Common Conditions in the Acute Care Setting,Ellenbogen M.I.,2024,JAMA Network Open,10.1001/jamanetworkopen.2024.30306,1,https://www.scopus.com/record/display.uri?eid=2-s2.0-85202533081&origin=resultslist,False,3_Proxy_Citation,1
2-s2.0-85192197035,A more complete measure of vertical integration between physicians and hospitals,Luo Q.,2024,Health Services Research,10.1111/1475-6773.14314,1,https://www.scopus.com/record/display.uri?eid=2-s2.0-85192197035&origin=resultslist,False,3_Proxy_Citation,1
2-s2.0-85199972029,"Use Of High- And Low-Value Health Care Among US Adults, By Income, 2010–19",Park S.,2024,Health Affairs,10.1377/hlthaff.2023.00661,1,https://www.scopus.com/record/display.uri?eid=2-s2.0-85199972029&origin=resultslist,False,3_Proxy_Citation,1
2-s2.0-85193110403,"Hospital Capital Assets, Community Health, and the Utilization and Cost of Inpatient Care: A Population-Based Study of US Counties",Gaffney A.,2024,Medical Care,10.1097/MLR.0000000000001999,1,https://www.scopus.com/record/display.uri?eid=2-s2.0-85193110403&origin=resultslist,False,3_Proxy_Citation,1
2-s2.0-85199574064,States of health: The ethics and consequences of policy variation in a federal system,Francis L.P.,2024,States of Health the Ethics and Consequences of Policy Variation in A Federal System,10.1093/oso/9780197538654.001.0001,1,https://www.scopus.com/record/display.uri?eid=2-s2.0-85199574064&origin=resultslist,False,3_Proxy_Citation,1
2-s2.0-85179368097,Health System Integration and Cancer Center Access for Rural Hospitals,Amu-Nnadi C.N.,2024,American Surgeon,10.1177/00031348231216497,1,https://www.scopus.com/record/display.uri?eid=2-s2.0-85179368097&origin=resultslist,False,3_Proxy_Citation,1
2-s2.0-85144800889,Upper Extremity Surgeon Recommendations for Imaging Do Not Correspond with Imaging Appropriateness Guidelines,Ramachandran S.S.,2024,Journal of Hand and Microsurgery,10.1055/s-0042-1758670,1,https://www.scopus.com/record/display.uri?eid=2-s2.0-85144800889&origin=resultslist,False,3_Proxy_Citation,1
2-s2.0-85188479741,Reducing Low-Value Health Care,Segal J.B.,2024,Annals of Internal Medicine,10.7326/M24-3501,1,https://www.scopus.com/record/display.uri?eid=2-s2.0-85188479741&origin=resultslist,False,3_Proxy_Citation,1
2-s2.0-85187492408,Nurse Practitioner Low-Value Care Ordering Practices: An Integrative Review,Nugent S.B.,2024,American Journal of Managed Care,10.37765/ajmc.2024.89520,1,https://www.scopus.com/record/display.uri?eid=2-s2.0-85187492408&origin=resultslist,False,3_Proxy_Citation,1
2-s2.0-85205256869,Association of a Novel Electronic Form for Preoperative Cardiac Risk Assessment With Reduction in Cardiac Consultations and Testing: Retrospective Cohort Study,Kumar M.,2024,Jmir Perioperative Medicine,10.2196/63076,1,https://www.scopus.com/record/display.uri?eid=2-s2.0-85205256869&origin=resultslist,False,3_Proxy_Citation,1
2-s2.0-85213960815,"Monitoring low-value care in medical patients from Swiss university hospitals using a Findable, Accessible, Interoperable, Reusable (FAIR) national data stream and patient and public involvement: LUCID study protocol",Guffi T.,2024,BMJ Open,10.1136/bmjopen-2024-089662,0,https://www.scopus.com/record/display.uri?eid=2-s2.0-85213960815&origin=resultslist,False,3_Proxy_Citation,1
2-s2.0-85206819045,The TELEhealth Shared decision-making COaching and navigation in Primary carE (TELESCOPE) intervention: a study protocol for delivering shared decision-making for lung cancer screening by patient navigators,Tan N.Q.P.,2024,BMC Primary Care,10.1186/s12875-024-02610-2,0,https://www.scopus.com/record/display.uri?eid=2-s2.0-85206819045&origin=resultslist,False,3_Proxy_Citation,1
2-s2.0-85202789430,Trends in the integration of medical corporation hospitals in Japan: a national wide longitudinal study between 2017 and 2021,Funada S.,2024,BMC Health Services Research,10.1186/s12913-024-11463-5,0,https://www.scopus.com/record/display.uri?eid=2-s2.0-85202789430&origin=resultslist,False,3_Proxy_Citation,1
2-s2.0-85207172510,Launching Financial Incentives for Physician Groups to Improve Equity of Care by Patient Race and Ethnicity,Rodriguez H.P.,2024,Milbank Quarterly,10.1111/1468-0009.12720,0,https://www.scopus.com/record/display.uri?eid=2-s2.0-85207172510&origin=resultslist,False,3_Proxy_Citation,1
2-s2.0-85212403228,Associations of care continuity and care coordination with the overuse of healthcare services: a nationwide population-based study,Chang G.M.,2024,BMC Health Services Research,10.1186/s12913-024-12099-1,0,https://www.scopus.com/record/display.uri?eid=2-s2.0-85212403228&origin=resultslist,False,3_Proxy_Citation,1
2-s2.0-85210091997,Trends and inequalities in health system satisfaction: results from the latest nationally representative surveys in Qatar,Ali F.M.H.,2024,International Journal for Equity in Health,10.1186/s12939-024-02317-x,0,https://www.scopus.com/record/display.uri?eid=2-s2.0-85210091997&origin=resultslist,False,3_Proxy_Citation,1
2-s2.0-85210964227,Circulating Nucleated Red Blood Cells An Updated Reference Interval,Meredith A.A.,2024,Archives of Pathology and Laboratory Medicine,10.5858/arpa.2023-0328-OA,0,https://www.scopus.com/record/display.uri?eid=2-s2.0-85210964227&origin=resultslist,False,3_Proxy_Citation,1
2-s2.0-85208961237,Characteristics of Health Systems Operating Medicare Advantage Plans,Hedquist A.,2024,JAMA Health Forum,10.1001/jamahealthforum.2024.3536,0,https://www.scopus.com/record/display.uri?eid=2-s2.0-85208961237&origin=resultslist,False,3_Proxy_Citation,1
2-s2.0-85206403878,Medical Students’ Views of the Future in a Rapidly Changing World,Gotler R.S.,2024,Family Medicine,10.22454/FamMed.2024.918294,0,https://www.scopus.com/record/display.uri?eid=2-s2.0-85206403878&origin=resultslist,False,3_Proxy_Citation,1
2-s2.0-85191835936,Development of a disease-based hospital-level diagnostic intensity index,Ellenbogen M.I.,2024,Diagnosis,10.1515/dx-2023-0184,0,https://www.scopus.com/record/display.uri?eid=2-s2.0-85191835936&origin=resultslist,False,3_Proxy_Citation,1
2-s2.0-85198577793,Reducing Low-Value Care Is a Feasible Approach to Enhancing Access to and Affordability of High-Value Care for Older Americans,Rockwell M.S.,2024,American Journal of Managed Care,10.37765/ajmc.2024.89577,0,https://www.scopus.com/record/display.uri?eid=2-s2.0-85198577793&origin=resultslist,False,3_Proxy_Citation,1
2-s2.0-85190774327,Cutting back on low-value health care practices supports sustainable kidney care,McAlister S.,2024,Kidney International,10.1016/j.kint.2023.12.022,0,https://www.scopus.com/record/display.uri?eid=2-s2.0-85190774327&origin=resultslist,False,3_Proxy_Citation,1
2-s2.0-85187471460,Randomized Experiments to Reduce Overuse of Health Care: A Scoping Review,Gupta R.,2024,Medical Care,10.1097/MLR.0000000000001978,0,https://www.scopus.com/record/display.uri?eid=2-s2.0-85187471460&origin=resultslist,False,3_Proxy_Citation,1
2-s2.0-85186686519,Think Twice: De-implementation of Laboratory Testing After Colorectal Surgery,Dave Y.A.,2024,Diseases of the Colon and Rectum,10.1097/DCR.0000000000003156,0,https://www.scopus.com/record/display.uri?eid=2-s2.0-85186686519&origin=resultslist,False,3_Proxy_Citation,1
2-s2.0-85189834279,THE HEALTHCURE SYSTEM: A REGIONAL ACCOUNTABLE CARE MODEL TO REMEDY HEALTHCARE’S PRICING PROBLEM,Locascio C.A.G.,2024,Southern California Law Review,,0,https://www.scopus.com/record/display.uri?eid=2-s2.0-85189834279&origin=resultslist,False,3_Proxy_Citation,1
2-s2.0-85186457910,Non-indicated vitamin B 12 - and D-testing among Dutch hospital clinicians: a cross-sectional analysis in data registries,Müskens J.L.J.M.,2024,BMJ Open,10.1136/bmjopen-2023-075241,0,https://www.scopus.com/record/display.uri?eid=2-s2.0-85186457910&origin=resultslist,False,3_Proxy_Citation,1
2-s2.0-85188491954,Towards truly patient-centric care? Forces and trends shaping the future of healthcare,Mets E.J.,2024,Essential Rational Healthcare Economics Past Present and Future,,0,https://www.scopus.com/record/display.uri?eid=2-s2.0-85188491954&origin=resultslist,False,3_Proxy_Citation,1
2-s2.0-85188775281,Conclusion to research handbook on contemporary human resource management for health care,McDermott A.M.,2024,Research Handbook on Contemporary Human Resource Management for Health Care,,0,https://www.scopus.com/record/display.uri?eid=2-s2.0-85188775281&origin=resultslist,False,3_Proxy_Citation,1
2-s2.0-85191629526,The Changing Practice of Medicine,Godbey E.A.,2024,Clinical Laboratory Management Third Edition,10.1002/9781683673941.ch3,0,https://www.scopus.com/record/display.uri?eid=2-s2.0-85191629526&origin=resultslist,False,3_Proxy_Citation,1
2-s2.0-85208603537,Private practice dentists’ conceptions of overtreatment: A qualitative study from Norway,Edvinsen J.S.,2024,Acta Odontologica Scandinavica,10.2340/aos.v83.42269,0,https://www.scopus.com/record/display.uri?eid=2-s2.0-85208603537&origin=resultslist,False,3_Proxy_Citation,1
2-s2.0-85211632208,The paradox of convenience: how information overload in mHealth apps leads to medical service overuse,Zhong L.,2024,Frontiers in Public Health,10.3389/fpubh.2024.1408998,0,https://www.scopus.com/record/display.uri?eid=2-s2.0-85211632208&origin=resultslist,False,3_Proxy_Citation,1
2-s2.0-105005239176,Health-Care Systems and Services Overview,Fields B.,2024,Occupational Therapy with Aging Adults Elsevier Ebook on Vitalsource Second Edition,10.1016/B978-0-323-87798-5.00025-3,0,https://www.scopus.com/record/display.uri?eid=2-s2.0-105005239176&origin=resultslist,False,3_Proxy_Citation,1
2-s2.0-85166420811,Burden of serious harms from diagnostic error in the USA,Newman-Toker D.E.,2023,BMJ Quality and Safety,10.1136/bmjqs-2021-014130,81,https://www.scopus.com/record/display.uri?eid=2-s2.0-85166420811&origin=resultslist,False,3_Proxy_Citation,1
2-s2.0-85147047824,Organization and Performance of US Health Systems,Beaulieu N.D.,2023,JAMA,10.1001/jama.2022.24032,36,https://www.scopus.com/record/display.uri?eid=2-s2.0-85147047824&origin=resultslist,False,3_Proxy_Citation,1
2-s2.0-85151701077,Escalating costs of billion-dollar disasters in the US: Climate change necessitates disaster risk reduction,Bhola V.,2023,Journal of Climate Change and Health,10.1016/j.joclim.2022.100201,31,https://www.scopus.com/record/display.uri?eid=2-s2.0-85151701077&origin=resultslist,False,3_Proxy_Citation,1
2-s2.0-85142454649,A Systematic Review and Meta-analysis of the Effectiveness of Radiofrequency Neurotomy in Managing Chronic Neck Pain,Manchikanti L.,2023,Pain and Therapy,10.1007/s40122-022-00455-0,26,https://www.scopus.com/record/display.uri?eid=2-s2.0-85142454649&origin=resultslist,False,3_Proxy_Citation,1
2-s2.0-85142188776,Mental health outcomes in parents of children with a cancer diagnosis in Sweden: A nationwide cohort study,Liu Y.,2023,Eclinicalmedicine,10.1016/j.eclinm.2022.101734,17,https://www.scopus.com/record/display.uri?eid=2-s2.0-85142188776&origin=resultslist,False,3_Proxy_Citation,1
2-s2.0-85179323427,Audit and feedback to reduce unwarranted clinical variation at scale: a realist study of implementation strategy mechanisms,Sarkies M.,2023,Implementation Science,10.1186/s13012-023-01324-w,15,https://www.scopus.com/record/display.uri?eid=2-s2.0-85179323427&origin=resultslist,False,3_Proxy_Citation,1
2-s2.0-85169401914,"Utilization, Steering, and Spending in Vertical Relationships Between Physicians and Health Systems",Sinaiko A.D.,2023,JAMA Health Forum,10.1001/jamahealthforum.2023.2875,11,https://www.scopus.com/record/display.uri?eid=2-s2.0-85169401914&origin=resultslist,False,3_Proxy_Citation,1
2-s2.0-85138618439,Effects of Medicare eligibility and enrollment at age 65 years on the use of high-value and low-value care,Park S.,2023,Health Services Research,10.1111/1475-6773.14065,11,https://www.scopus.com/record/display.uri?eid=2-s2.0-85138618439&origin=resultslist,False,3_Proxy_Citation,1
2-s2.0-85144986229,The TRIBE model: How socioemotional processes fuel end-of-life treatment in the United States,Duberstein P.R.,2023,Social Science and Medicine,10.1016/j.socscimed.2022.115546,10,https://www.scopus.com/record/display.uri?eid=2-s2.0-85144986229&origin=resultslist,False,3_Proxy_Citation,1
2-s2.0-85142847251,Development and validation of a new ICD-10-based screening colonoscopy overuse measure in a large integrated healthcare system: A retrospective observational study,Adams M.A.,2023,BMJ Quality and Safety,10.1136/bmjqs-2021-014236,9,https://www.scopus.com/record/display.uri?eid=2-s2.0-85142847251&origin=resultslist,False,3_Proxy_Citation,1
2-s2.0-85159550086,Why is it increasingly difficult to “do the right thing” and to “stop doing the wrong thing”? Strategies for reversing low-value practices,Añel Rodríguez R.M.,2023,Atencion Primaria,10.1016/j.aprim.2023.102630,8,https://www.scopus.com/record/display.uri?eid=2-s2.0-85159550086&origin=resultslist,False,3_Proxy_Citation,1
2-s2.0-85168845593,A “Sludge Audit” for Health System Colorectal Cancer Screening Services,Rockwell M.S.,2023,American Journal of Managed Care,10.37765/ajmc.2023.89402,7,https://www.scopus.com/record/display.uri?eid=2-s2.0-85168845593&origin=resultslist,False,3_Proxy_Citation,1
2-s2.0-85184007559,'Low-value' clinical care in general practice: a cross-sectional analysis of low-value care in early-career GPs' practice,Ralston A.,2023,International Journal for Quality in Health Care,10.1093/intqhc/mzad081,6,https://www.scopus.com/record/display.uri?eid=2-s2.0-85184007559&origin=resultslist,False,3_Proxy_Citation,1
2-s2.0-85159494141,Defining functional requirements for a patient-centric computerized glaucoma treatment and care ecosystem,Goldmann N.,2023,Journal of Medical Artificial Intelligence,10.21037/jmai-22-33,6,https://www.scopus.com/record/display.uri?eid=2-s2.0-85159494141&origin=resultslist,False,3_Proxy_Citation,1
2-s2.0-85146451784,Quantifying the financial impact of overuse in primary care in China: A standardised patient study,Si Y.,2023,Social Science and Medicine,10.1016/j.socscimed.2023.115670,6,https://www.scopus.com/record/display.uri?eid=2-s2.0-85146451784&origin=resultslist,False,3_Proxy_Citation,1
2-s2.0-85147048349,Health Systems - The Present and the Future,Casalino L.P.,2023,JAMA,10.1001/jama.2022.24141,6,https://www.scopus.com/record/display.uri?eid=2-s2.0-85147048349&origin=resultslist,False,3_Proxy_Citation,1
2-s2.0-85164339778,Moral Injury in Healthcare: Adapting the Building Spiritual Strength (BSS) Intervention to Health and Strength (HAS) for Civilian and Military Healthcare Workers,Chamberlin E.S.,2023,Current Treatment Options in Psychiatry,10.1007/s40501-023-00294-6,5,https://www.scopus.com/record/display.uri?eid=2-s2.0-85164339778&origin=resultslist,False,3_Proxy_Citation,1
2-s2.0-85165162182,Ophthalmologist Turnover in the United States: Analysis of Workforce Changes from 2014 through 2021,Patel P.N.,2023,Ophthalmology,10.1016/j.ophtha.2023.05.003,5,https://www.scopus.com/record/display.uri?eid=2-s2.0-85165162182&origin=resultslist,False,3_Proxy_Citation,1
2-s2.0-85159158471,"Primary Care Provider Medicaid Participation Across the United States, 2016",Luo Q.,2023,Journal of Health Care for the Poor and Underserved,10.1353/hpu.2023.0059,5,https://www.scopus.com/record/display.uri?eid=2-s2.0-85159158471&origin=resultslist,False,3_Proxy_Citation,1
2-s2.0-85163351277,Practice Competition and Treatment of Newly Diagnosed Prostate Cancer,Maganty A.,2023,Urology,10.1016/j.urology.2023.04.022,4,https://www.scopus.com/record/display.uri?eid=2-s2.0-85163351277&origin=resultslist,False,3_Proxy_Citation,1
2-s2.0-85164238705,Reallocating Cervical Cancer Preventive Service Spending from Low- to High-Value Clinical Scenarios,Rockwell M.S.,2023,Cancer Prevention Research,10.1158/1940-6207.CAPR-22-0531,4,https://www.scopus.com/record/display.uri?eid=2-s2.0-85164238705&origin=resultslist,False,3_Proxy_Citation,1
2-s2.0-85147834470,The Association of Practice Type and the Scope of Care of Family Physicians,Killeen D.,2023,Journal of the American Board of Family Medicine,10.3122/jabfm.2022.220172R1,4,https://www.scopus.com/record/display.uri?eid=2-s2.0-85147834470&origin=resultslist,False,3_Proxy_Citation,1
2-s2.0-85176472576,A Cost Analysis of Rethink the Strip: De-implementing a Low-value Practice in Primary Care,Spees L.P.,2023,Medical Care,10.1097/MLR.0000000000001899,3,https://www.scopus.com/record/display.uri?eid=2-s2.0-85176472576&origin=resultslist,False,3_Proxy_Citation,1
2-s2.0-85165554669,Differences in use of high- and low-value health care between immigrant and US-born adults,Park S.,2023,Health Services Research,10.1111/1475-6773.14206,3,https://www.scopus.com/record/display.uri?eid=2-s2.0-85165554669&origin=resultslist,False,3_Proxy_Citation,1
2-s2.0-85171808645,Sources of Low-Value Care Received by Medicare Beneficiaries and Associated Spending Within US Health Systems,Chant E.D.,2023,JAMA Network Open,10.1001/jamanetworkopen.2023.33505,3,https://www.scopus.com/record/display.uri?eid=2-s2.0-85171808645&origin=resultslist,False,3_Proxy_Citation,1
2-s2.0-85166783883,Who’s accountable? Low-value care received by medicare beneficiaries outside of their attributed health systems,Ganguli I.,2023,Health Affairs,10.1377/hlthaff.2022.01319,3,https://www.scopus.com/record/display.uri?eid=2-s2.0-85166783883&origin=resultslist,False,3_Proxy_Citation,1
2-s2.0-85171595211,"Patient, provider, and system-level factors associated with preoperative cardiac testing: A systematic review",Ellenbogen M.I.,2023,Journal of Hospital Medicine,10.1002/jhm.13206,2,https://www.scopus.com/record/display.uri?eid=2-s2.0-85171595211&origin=resultslist,False,3_Proxy_Citation,1
2-s2.0-85164356091,Identifying Strategies to Reduce Low-Value Preoperative Testing for Low-Risk Procedures: a Qualitative Study of Facilities with High or Recently Improved Levels of Testing,Harris A.H.S.,2023,Journal of General Internal Medicine,10.1007/s11606-023-08287-0,2,https://www.scopus.com/record/display.uri?eid=2-s2.0-85164356091&origin=resultslist,False,3_Proxy_Citation,1
2-s2.0-85168775292,Private equity in ophthalmology: taking the long view,Zhu J.M.,2023,Current Opinion in Ophthalmology,10.1097/ICU.0000000000000976,2,https://www.scopus.com/record/display.uri?eid=2-s2.0-85168775292&origin=resultslist,False,3_Proxy_Citation,1
2-s2.0-85150280124,Comparing Severely Injured Trauma Patients Admitted to Investor-Owned versus Public and Not-For-Profit Hospitals Reveals Opportunities for Improvement in the US,Hernandez J.,2023,American Surgeon,10.1177/00031348231160818,2,https://www.scopus.com/record/display.uri?eid=2-s2.0-85150280124&origin=resultslist,False,3_Proxy_Citation,1
2-s2.0-85151044258,"JAMA Health Forum - The Year in Review, 2022",Ayanian J.Z.,2023,JAMA Health Forum,10.1001/jamahealthforum.2023.0174,2,https://www.scopus.com/record/display.uri?eid=2-s2.0-85151044258&origin=resultslist,False,3_Proxy_Citation,1
2-s2.0-85146528898,Challenges and Opportunities in Academic Physiatry,Morgenroth D.C.,2023,American Journal of Physical Medicine and Rehabilitation,10.1097/PHM.0000000000002127,2,https://www.scopus.com/record/display.uri?eid=2-s2.0-85146528898&origin=resultslist,False,3_Proxy_Citation,1
2-s2.0-85161703442,Clinical chemistry laboratory test overuse in a cardiology clinic: a single-center study,Alshwareb A.,2023,Journal of Medicine and Life,10.25122/jml-2022-0338,2,https://www.scopus.com/record/display.uri?eid=2-s2.0-85161703442&origin=resultslist,False,3_Proxy_Citation,1
2-s2.0-85171393638,Health Policy Education for Medical Students: Time to Rethink?,Crosson F.J.,2023,Permanente Journal,10.7812/TPP/23.045,1,https://www.scopus.com/record/display.uri?eid=2-s2.0-85171393638&origin=resultslist,False,3_Proxy_Citation,1
2-s2.0-85163823370,Longitudinal Patterns in Testosterone Prescribing After US FDA Safety Communication in 2014,Sankar A.,2023,Joint Commission Journal on Quality and Patient Safety,10.1016/j.jcjq.2023.05.003,1,https://www.scopus.com/record/display.uri?eid=2-s2.0-85163823370&origin=resultslist,False,3_Proxy_Citation,1
2-s2.0-85150606057,Variation in Low-Value Service Use Across Veterans Affairs Facilities,Schwartz A.L.,2023,Journal of General Internal Medicine,10.1007/s11606-023-08157-9,1,https://www.scopus.com/record/display.uri?eid=2-s2.0-85150606057&origin=resultslist,False,3_Proxy_Citation,1
2-s2.0-85148038119,Definition of low-value care in a low-risk preoperative population: A scoping review,F. John J.,2023,Journal of Evaluation in Clinical Practice,10.1111/jep.13812,1,https://www.scopus.com/record/display.uri?eid=2-s2.0-85148038119&origin=resultslist,False,3_Proxy_Citation,1
2-s2.0-85169599877,Considerations for state-imposed conditions on healthcare provider transactions,Montague A.D.,2023,Frontiers in Public Health,10.3389/fpubh.2023.1220624,1,https://www.scopus.com/record/display.uri?eid=2-s2.0-85169599877&origin=resultslist,False,3_Proxy_Citation,1
2-s2.0-85172191304,Impact of Active Disinvestment on Decision-Making for Surgery in Patients With Subacromial Pain Syndrome: A Qualitative Semi-structured Interview Study Among Hospital Sales Managers and Orthopedic Surgeons,Geurkink T.H.,2023,International Journal of Health Policy and Management,10.34172/ijhpm.2023.7710,1,https://www.scopus.com/record/display.uri?eid=2-s2.0-85172191304&origin=resultslist,False,3_Proxy_Citation,1
2-s2.0-85159131612,"Comparing ambulatory commercial spending in Rhode Island and Massachusetts, 2016–2019",James H.O.,2023,Health Services Research,10.1111/1475-6773.14169,0,https://www.scopus.com/record/display.uri?eid=2-s2.0-85159131612&origin=resultslist,False,3_Proxy_Citation,1
2-s2.0-85177103434,Cost Savings Associated with Implementing 4 Total Joint Replacement Electronic Clinical Quality Measures Nationally: 2020-2040,Dykes P.C.,2023,Journal of Patient Safety,10.1097/PTS.0000000000001171,0,https://www.scopus.com/record/display.uri?eid=2-s2.0-85177103434&origin=resultslist,False,3_Proxy_Citation,1
2-s2.0-85146150514,Longitudinal Trends in 30-Day Mortality Between Multi-Site and Single-Site Surgeons,Tsai T.C.,2023,Annals of Surgery,10.1097/SLA.0000000000005210,0,https://www.scopus.com/record/display.uri?eid=2-s2.0-85146150514&origin=resultslist,False,3_Proxy_Citation,1
2-s2.0-85145869673,The dominance of public funding for private provision in the US healthcare system,Grogan C.M.,2023,Public Private Sector Mix in Healthcare Delivery A Comparative Study,10.1093/oso/9780197571101.003.0002,0,https://www.scopus.com/record/display.uri?eid=2-s2.0-85145869673&origin=resultslist,False,3_Proxy_Citation,1
2-s2.0-85146147876,Health service research definition builder: An R Shiny application for exploring diagnosis codes associated with services reported in routinely collected health data,Chalmers K.,2023,Plos One,10.1371/journal.pone.0266154,0,https://www.scopus.com/record/display.uri?eid=2-s2.0-85146147876&origin=resultslist,False,3_Proxy_Citation,1
2-s2.0-85177233089,The Health System Services and Insurance Affects Welfare and Socio-Economic Growth of a Country,Rexha B.,2023,Journal of Educational and Social Research,10.36941/jesr-2023-0150,0,https://www.scopus.com/record/display.uri?eid=2-s2.0-85177233089&origin=resultslist,False,3_Proxy_Citation,1
2-s2.0-85175218167,Racial inequity in low value care,Moriates C.,2023,BMJ,10.1136/bmj.p2293,0,https://www.scopus.com/record/display.uri?eid=2-s2.0-85175218167&origin=resultslist,False,3_Proxy_Citation,1
2-s2.0-85128540557,Physician Compensation Arrangements and Financial Performance Incentives in US Health Systems,Reid R.O.,2022,JAMA Health Forum,10.1001/jamahealthforum.2021.4634,41,https://www.scopus.com/record/display.uri?eid=2-s2.0-85128540557&origin=resultslist,False,3_Proxy_Citation,1
2-s2.0-85128414184,Clinician Attitudes and Beliefs Associated with More Aggressive Diagnostic Testing,Korenstein D.,2022,American Journal of Medicine,10.1016/j.amjmed.2022.02.036,18,https://www.scopus.com/record/display.uri?eid=2-s2.0-85128414184&origin=resultslist,False,3_Proxy_Citation,1
2-s2.0-85129781616,Price Effects Of Vertical Integration And Joint Contracting Between Physicians And Hospitals In Massachusetts,Curto V.,2022,Health Affairs,10.1377/hlthaff.2021.00727,17,https://www.scopus.com/record/display.uri?eid=2-s2.0-85129781616&origin=resultslist,False,3_Proxy_Citation,1
2-s2.0-85127790060,The Impact of COVID-19 on Interventional Pain Management Practices is Significant and Long-Lasting: An Interventional Pain Management Physician Survey,Manchikanti L.,2022,Pain Physician,,16,https://www.scopus.com/record/display.uri?eid=2-s2.0-85127790060&origin=resultslist,False,3_Proxy_Citation,1
2-s2.0-85134485218,Assessment of Prices for Cardiovascular Tests and Procedures at Top-Ranked US Hospitals,Oseran A.S.,2022,JAMA Internal Medicine,10.1001/jamainternmed.2022.2602,15,https://www.scopus.com/record/display.uri?eid=2-s2.0-85134485218&origin=resultslist,False,3_Proxy_Citation,1
2-s2.0-85126751795,Racial and ethnic differences in low-value pediatric emergency care,Li J.,2022,Academic Emergency Medicine,10.1111/acem.14468,15,https://www.scopus.com/record/display.uri?eid=2-s2.0-85126751795&origin=resultslist,False,3_Proxy_Citation,1
2-s2.0-85143180974,Harnessing the Power of Health Systems and Networks for Antimicrobial Stewardship,Buckel W.R.,2022,Clinical Infectious Diseases,10.1093/cid/ciac515,12,https://www.scopus.com/record/display.uri?eid=2-s2.0-85143180974&origin=resultslist,False,3_Proxy_Citation,1
2-s2.0-85141360250,The Rise Of Cross-Market Hospital Systems And Their Market Power In The US,Fulton B.D.,2022,Health Affairs,10.1377/hlthaff.2022.00337,10,https://www.scopus.com/record/display.uri?eid=2-s2.0-85141360250&origin=resultslist,False,3_Proxy_Citation,1
2-s2.0-85138457740,Is Low-value Testing Before Low-risk Hand Surgery Associated With Increased Downstream Healthcare Use and Reimbursements? A National Claims Database Analysis,Welch J.M.,2022,Clinical Orthopaedics and Related Research,10.1097/CORR.0000000000002255,10,https://www.scopus.com/record/display.uri?eid=2-s2.0-85138457740&origin=resultslist,False,3_Proxy_Citation,1
2-s2.0-85143392001,Ethical issues with geographical variations in the provision of health care services,Hofmann B.,2022,BMC Medical Ethics,10.1186/s12910-022-00869-7,9,https://www.scopus.com/record/display.uri?eid=2-s2.0-85143392001&origin=resultslist,False,3_Proxy_Citation,1
2-s2.0-85108001510,Management of Chronic Rhinosinusitis Prior to Otolaryngology Referral: An Opportunity for Quality Improvement,Jang D.W.,2022,Otolaryngology Head and Neck Surgery United States,10.1177/01945998211017486,8,https://www.scopus.com/record/display.uri?eid=2-s2.0-85108001510&origin=resultslist,False,3_Proxy_Citation,1
2-s2.0-85120739477,The Next Frontier of Less Is More - From Description to Implementation,Latifi N.,2022,JAMA Internal Medicine,10.1001/jamainternmed.2021.6908,7,https://www.scopus.com/record/display.uri?eid=2-s2.0-85120739477&origin=resultslist,False,3_Proxy_Citation,1
2-s2.0-85138416980,Validation of Quality Indicators Targeting Low-Value Trauma Care,Moore L.,2022,JAMA Surgery,10.1001/jamasurg.2022.3912,6,https://www.scopus.com/record/display.uri?eid=2-s2.0-85138416980&origin=resultslist,False,3_Proxy_Citation,1
2-s2.0-85137921552,Prevalence and changes of low-value care at acute care hospitals: a multicentre observational study in Japan,Miyawaki A.,2022,BMJ Open,10.1136/bmjopen-2022-063171,6,https://www.scopus.com/record/display.uri?eid=2-s2.0-85137921552&origin=resultslist,False,3_Proxy_Citation,1
2-s2.0-85137570073,"Assessing patient, physician, and practice characteristics predicting the use of low-value services",Shin E.,2022,Health Services Research,10.1111/1475-6773.14053,5,https://www.scopus.com/record/display.uri?eid=2-s2.0-85137570073&origin=resultslist,False,3_Proxy_Citation,1
2-s2.0-85141893383,Electronic Connectivity among US Hospitals Treating Shared Patients,Everson J.,2022,Medical Care,10.1097/MLR.0000000000001773,5,https://www.scopus.com/record/display.uri?eid=2-s2.0-85141893383&origin=resultslist,False,3_Proxy_Citation,1
2-s2.0-85129824850,Is Bigger Better?: A Closer Look at Small Health Systems in the United States,Sherry T.B.,2022,Medical Care,10.1097/MLR.0000000000001727,5,https://www.scopus.com/record/display.uri?eid=2-s2.0-85129824850&origin=resultslist,False,3_Proxy_Citation,1
2-s2.0-85132285522,Patient Symptoms and Stress Testing after Elective Percutaneous Coronary Intervention in the Veterans Affairs Health Care System,Kini V.,2022,JAMA Network Open,10.1001/jamanetworkopen.2022.17704,5,https://www.scopus.com/record/display.uri?eid=2-s2.0-85132285522&origin=resultslist,False,3_Proxy_Citation,1
2-s2.0-85123397495,Frequency and estimated costs of ten low-value practices in the Spanish primary care: a retrospective study,Cheikh-Moussa K.,2022,Expert Opinion on Drug Safety,10.1080/14740338.2022.2026924,5,https://www.scopus.com/record/display.uri?eid=2-s2.0-85123397495&origin=resultslist,False,3_Proxy_Citation,1
2-s2.0-85132082342,Using network analysis to model the effects of the SARS Cov2 pandemic on acute patient care within a healthcare system,Kohler K.,2022,Scientific Reports,10.1038/s41598-022-14261-3,4,https://www.scopus.com/record/display.uri?eid=2-s2.0-85132082342&origin=resultslist,False,3_Proxy_Citation,1
2-s2.0-85139948188,Regional Inequalities and Influencing Factors of Residents’ Health in China: Analysis from the Perspective of Opening-Up,Gao G.,2022,International Journal of Environmental Research and Public Health,10.3390/ijerph191912069,3,https://www.scopus.com/record/display.uri?eid=2-s2.0-85139948188&origin=resultslist,False,3_Proxy_Citation,1
2-s2.0-85137745273,Formulary management guiding principles for automated systems,Urbanski C.,2022,American Journal of Health System Pharmacy,10.1093/ajhp/zxac123,3,https://www.scopus.com/record/display.uri?eid=2-s2.0-85137745273&origin=resultslist,False,3_Proxy_Citation,1
2-s2.0-85117226753,Use of Hand Therapy After Distal Radius Fracture: A National Perspective,Trinh P.,2022,Journal of Hand Surgery,10.1016/j.jhsa.2021.08.018,2,https://www.scopus.com/record/display.uri?eid=2-s2.0-85117226753&origin=resultslist,False,3_Proxy_Citation,1
2-s2.0-85125871536,Characterizing the Relationship Between Payer Mix and Diagnostic Intensity at the Hospital Level,Ellenbogen M.I.,2022,Journal of General Internal Medicine,10.1007/s11606-022-07453-0,2,https://www.scopus.com/record/display.uri?eid=2-s2.0-85125871536&origin=resultslist,False,3_Proxy_Citation,1
2-s2.0-85147668635,Noteworthy New Milestones for JAMA Health Forum,Ayanian J.Z.,2022,JAMA Health Forum,10.1001/jamahealthforum.2022.3734,2,https://www.scopus.com/record/display.uri?eid=2-s2.0-85147668635&origin=resultslist,False,3_Proxy_Citation,1
2-s2.0-85126313149,Diabetes Care Quality: Do Large Medical Groups Perform Better?,Solberg L.I.,2022,American Journal of Managed Care,10.37765/ajmc.2022.88836,2,https://www.scopus.com/record/display.uri?eid=2-s2.0-85126313149&origin=resultslist,False,3_Proxy_Citation,1
2-s2.0-85137125348,Physician Associates/ Assistants in Primary Care Policy and Value,Hooker R.S.,2022,Journal of Ambulatory Care Management,10.1097/JAC.0000000000000426,1,https://www.scopus.com/record/display.uri?eid=2-s2.0-85137125348&origin=resultslist,False,3_Proxy_Citation,1
2-s2.0-85131593371,Updating a Claims-Based Measure of Low-Value Services Applicable to Medicare Fee-for-Service Beneficiaries,Fleming C.,2022,Journal of General Internal Medicine,10.1007/s11606-022-07654-7,1,https://www.scopus.com/record/display.uri?eid=2-s2.0-85131593371&origin=resultslist,False,3_Proxy_Citation,1
2-s2.0-85137135086,Regional variation in healthcare usage for Medicare beneficiaries: A cross-sectional study based on the health and retirement study,Luo D.,2022,BMJ Open,10.1136/bmjopen-2022-061375,1,https://www.scopus.com/record/display.uri?eid=2-s2.0-85137135086&origin=resultslist,False,3_Proxy_Citation,1
2-s2.0-85130393295,Emergency departments: The gatekeepers of admissions in Pennsylvania's rural hospitals,Pai D.R.,2022,American Journal of Emergency Medicine,10.1016/j.ajem.2022.05.002,1,https://www.scopus.com/record/display.uri?eid=2-s2.0-85130393295&origin=resultslist,False,3_Proxy_Citation,1
2-s2.0-85143477260,"New Drugs, Fair Prices: Managing the Pharmaceutical Innovation Ecosystem for Sustainable and Affordable New Medicines",Smith B.D.,2022,New Drugs Fair Prices Managing the Pharmaceutical Innovation Ecosystem for Sustainable and Affordable New Medicines,10.4324/9781003330271,1,https://www.scopus.com/record/display.uri?eid=2-s2.0-85143477260&origin=resultslist,False,3_Proxy_Citation,1
2-s2.0-85129470775,Is the Recent Surge in Physician-Hospital Consolidation Finally Producing Cost-Savings?,Encinosa W.,2022,Journal of General Internal Medicine,10.1007/s11606-022-07634-x,0,https://www.scopus.com/record/display.uri?eid=2-s2.0-85129470775&origin=resultslist,False,3_Proxy_Citation,1
2-s2.0-85143457962,"The Longitudinal Impact Of A Multistate Commercial Accountable Care Program On Cost, Use, And Quality",Girdish C.,2022,Health Affairs,10.1377/hlthaff.2022.00279,0,https://www.scopus.com/record/display.uri?eid=2-s2.0-85143457962&origin=resultslist,False,3_Proxy_Citation,1
2-s2.0-85138459381,EDITORIAL COMMENT,Shahinian V.B.,2022,Urology,10.1016/j.urology.2022.03.046,0,https://www.scopus.com/record/display.uri?eid=2-s2.0-85138459381&origin=resultslist,False,3_Proxy_Citation,1
2-s2.0-85164008762,Administrative data for the governance of waiting times for outpatient services: The experience of the Alto Adige Local Health Authority,Armanaschi L.,2022,Mecosan,10.3280/mesa2022-123oa15593,0,https://www.scopus.com/record/display.uri?eid=2-s2.0-85164008762&origin=resultslist,False,3_Proxy_Citation,1
2-s2.0-85101445014,"Trends in Low-Value Health Service Use and Spending in the US Medicare Fee-for-Service Program, 2014-2018",Mafi J.N.,2021,JAMA Network Open,10.1001/jamanetworkopen.2020.37328,81,https://www.scopus.com/record/display.uri?eid=2-s2.0-85101445014&origin=resultslist,False,3_Proxy_Citation,1
2-s2.0-85104019446,Reducing Low-Value Care and Improving Health Care Value,Oakes A.H.,2021,JAMA Journal of the American Medical Association,10.1001/jama.2021.3308,56,https://www.scopus.com/record/display.uri?eid=2-s2.0-85104019446&origin=resultslist,False,3_Proxy_Citation,1
2-s2.0-85115867159,Low-Value Care at the Actionable Level of Individual Health Systems,Ganguli I.,2021,JAMA Internal Medicine,10.1001/jamainternmed.2021.5531,49,https://www.scopus.com/record/display.uri?eid=2-s2.0-85115867159&origin=resultslist,False,3_Proxy_Citation,1
2-s2.0-85121302048,Measuring the Scope of Prior Authorization Policies: Applying Private Insurer Rules to Medicare Part B,Schwartz A.L.,2021,JAMA Health Forum,10.1001/jamahealthforum.2021.0859,48,https://www.scopus.com/record/display.uri?eid=2-s2.0-85121302048&origin=resultslist,False,3_Proxy_Citation,1
2-s2.0-85104843137,Assessment of Overuse of Medical Tests and Treatments at US Hospitals Using Medicare Claims,Chalmers K.,2021,JAMA Network Open,10.1001/jamanetworkopen.2021.8075,29,https://www.scopus.com/record/display.uri?eid=2-s2.0-85104843137&origin=resultslist,False,3_Proxy_Citation,1
2-s2.0-85121254889,Concordance of Disclosed Hospital Prices With Total Reimbursements for Hospital-Based Care Among Commercially Insured Patients in the US,Horný M.,2021,JAMA Network Open,10.1001/jamanetworkopen.2021.37390,25,https://www.scopus.com/record/display.uri?eid=2-s2.0-85121254889&origin=resultslist,False,3_Proxy_Citation,1
2-s2.0-85118538679,Financial profit in medicine: A position paper from the american college of physicians,Crowley R.,2021,Annals of Internal Medicine,10.7326/M21-1178,25,https://www.scopus.com/record/display.uri?eid=2-s2.0-85118538679&origin=resultslist,False,3_Proxy_Citation,1
2-s2.0-85104476651,A National Survey of postgraduate physician assistant fellowship and residency programs,Kidd V.D.,2021,BMC Medical Education,10.1186/s12909-021-02613-y,19,https://www.scopus.com/record/display.uri?eid=2-s2.0-85104476651&origin=resultslist,False,3_Proxy_Citation,1
2-s2.0-85119606258,Physician assistants/associates at 6 decades,Hooker R.S.,2021,American Journal of Managed Care,10.37765/ajmc.2021.88777,14,https://www.scopus.com/record/display.uri?eid=2-s2.0-85119606258&origin=resultslist,False,3_Proxy_Citation,1
2-s2.0-85117772394,Unsanitized and unfair: How covid-19 bailout funds refuel inequity in the us health care system,Grogan C.M.,2021,Journal of Health Politics Policy and Law,10.1215/03616878-9155977,13,https://www.scopus.com/record/display.uri?eid=2-s2.0-85117772394&origin=resultslist,False,3_Proxy_Citation,1
2-s2.0-85114638055,Why policymakers should use audited financial statements to assess health systems' financial health,Kane N.,2021,Journal of Health Care Finance,,12,https://www.scopus.com/record/display.uri?eid=2-s2.0-85114638055&origin=resultslist,False,3_Proxy_Citation,1
2-s2.0-85084030607,Assessing volume and variation of low-value care practices in the Netherlands,Kool R.B.,2021,European Journal of Public Health,10.1093/EURPUB/CKZ245,12,https://www.scopus.com/record/display.uri?eid=2-s2.0-85084030607&origin=resultslist,False,3_Proxy_Citation,1
2-s2.0-85110471711,Practice Consolidation Among U.S. Radiation Oncologists Over Time,Milligan M.,2021,International Journal of Radiation Oncology Biology Physics,10.1016/j.ijrobp.2021.06.009,11,https://www.scopus.com/record/display.uri?eid=2-s2.0-85110471711&origin=resultslist,False,3_Proxy_Citation,1
2-s2.0-85099419284,Pricing universal health care: How much would the use of medical care rise?,Gaffney A.,2021,Health Affairs,10.1377/hlthaff.2020.01715,10,https://www.scopus.com/record/display.uri?eid=2-s2.0-85099419284&origin=resultslist,False,3_Proxy_Citation,1
2-s2.0-85118834003,Low-value care and excess out-of-pocket expenditure among older adults with incident cancer – A machine learning approach,Iloabuchi C.,2021,Journal of Cancer Policy,10.1016/j.jcpo.2021.100312,9,https://www.scopus.com/record/display.uri?eid=2-s2.0-85118834003&origin=resultslist,False,3_Proxy_Citation,1
2-s2.0-85105045271,Comparison of General Surgical Practice Size and Setting in 2017 vs 2013 in the US,Tsai T.C.,2021,JAMA Network Open,10.1001/jamanetworkopen.2021.6848,9,https://www.scopus.com/record/display.uri?eid=2-s2.0-85105045271&origin=resultslist,False,3_Proxy_Citation,1
2-s2.0-85121981101,Radiation Oncology Alternative Payment Model and Large Urban Academic Centers: Future Implications for Patients and Providers,Pendyala P.,2021,JCO Oncology Practice,10.1200/OP.21.00347,7,https://www.scopus.com/record/display.uri?eid=2-s2.0-85121981101&origin=resultslist,False,3_Proxy_Citation,1
2-s2.0-85129911612,Adverse Events and Hospital-Acquired Conditions Associated with Potential Low-Value Care in Medicare Beneficiaries,Chalmers K.,2021,JAMA Health Forum,10.1001/jamahealthforum.2021.1719,7,https://www.scopus.com/record/display.uri?eid=2-s2.0-85129911612&origin=resultslist,False,3_Proxy_Citation,1
2-s2.0-85105594503,Study on the Experience of Public Health System Construction in China's COVID-19 Prevention,Zhang P.,2021,Frontiers in Public Health,10.3389/fpubh.2021.610824,7,https://www.scopus.com/record/display.uri?eid=2-s2.0-85105594503&origin=resultslist,False,3_Proxy_Citation,1
2-s2.0-85101728413,Development of a Simple Index to Measure Overuse of Diagnostic Testing at the Hospital Level Using Administrative Data,Ellenbogen M.I.,2021,Journal of Hospital Medicine,10.12788/jhm.3547,7,https://www.scopus.com/record/display.uri?eid=2-s2.0-85101728413&origin=resultslist,False,3_Proxy_Citation,1
2-s2.0-85105372940,Geographic Variations in Healthcare Utilization and Expenditure for Chronic Rhinosinusitis: A Population-Based Approach,Jang D.W.,2021,Laryngoscope,10.1002/lary.29588,6,https://www.scopus.com/record/display.uri?eid=2-s2.0-85105372940&origin=resultslist,False,3_Proxy_Citation,1
2-s2.0-85128035416,Health Insurance Systems: An International Comparison,Rice T.,2021,Health Insurance Systems an International Comparison,10.1016/B978-0-12-816072-5.10000-8,6,https://www.scopus.com/record/display.uri?eid=2-s2.0-85128035416&origin=resultslist,False,3_Proxy_Citation,1
2-s2.0-85105776896,Choosing Wisely Brazil: top 5 low-value practices that should be avoided in musculoskeletal physical therapy,Reis F.J.J.,2021,Physiotherapy United Kingdom,10.1016/j.physio.2021.03.003,5,https://www.scopus.com/record/display.uri?eid=2-s2.0-85105776896&origin=resultslist,False,3_Proxy_Citation,1
2-s2.0-85111859328,The Increasing Role of Physician Practices as Bill Collectors: Destined for Failure,Holmgren A.J.,2021,JAMA Journal of the American Medical Association,10.1001/jama.2021.12191,5,https://www.scopus.com/record/display.uri?eid=2-s2.0-85111859328&origin=resultslist,False,3_Proxy_Citation,1
2-s2.0-85075547033,Low-Value Back Imaging in the Care of Medicare Beneficiaries: A Comparison of Nurse Practitioners and Physician Assistants,O’Reilly-Jacob M.,2021,Medical Care Research and Review,10.1177/1077558719877796,4,https://www.scopus.com/record/display.uri?eid=2-s2.0-85075547033&origin=resultslist,False,3_Proxy_Citation,1
2-s2.0-85119014513,The role of care management in a changing healthcare system,Ewald B.,2021,Generations,,2,https://www.scopus.com/record/display.uri?eid=2-s2.0-85119014513&origin=resultslist,False,3_Proxy_Citation,1
2-s2.0-85097740787,Health Care Crisis Unabated: A Review of Recent Data on Health Care in the United States,Himmelstein D.U.,2021,International Journal of Health Services,10.1177/0020731420981497,2,https://www.scopus.com/record/display.uri?eid=2-s2.0-85097740787&origin=resultslist,False,3_Proxy_Citation,1
2-s2.0-85100964428,External Validation of and Factors Associated with the Overuse Index: a Nationwide Population-Based Study from Taiwan,Tung Y.C.,2021,Journal of General Internal Medicine,10.1007/s11606-020-06293-0,2,https://www.scopus.com/record/display.uri?eid=2-s2.0-85100964428&origin=resultslist,False,3_Proxy_Citation,1
2-s2.0-85102723218,Uniform criteria for total hip replacement surgery in patients with hip osteoarthritis: A decision tool to guide treatment decisions,Atsma F.,2021,International Journal for Quality in Health Care,10.1093/intqhc/mzab030,2,https://www.scopus.com/record/display.uri?eid=2-s2.0-85102723218&origin=resultslist,False,3_Proxy_Citation,1
2-s2.0-85118314042,Is the United States ready for regionalized cancer care?,Court C.M.,2021,Journal of Clinical Oncology,10.1200/JCO.21.01692,1,https://www.scopus.com/record/display.uri?eid=2-s2.0-85118314042&origin=resultslist,False,3_Proxy_Citation,1
2-s2.0-85117085923,Agreement among measures examining low-value imaging for low back pain,Henderson J.,2021,American Journal of Managed Care,,1,https://www.scopus.com/record/display.uri?eid=2-s2.0-85117085923&origin=resultslist,False,3_Proxy_Citation,1
2-s2.0-85102219787,Independence and Human Capital Theory for the American Physician Assistant,Hooker R.S.,2021,Journal of Physician Assistant Education,10.1097/JPA.0000000000000342,1,https://www.scopus.com/record/display.uri?eid=2-s2.0-85102219787&origin=resultslist,False,3_Proxy_Citation,1
2-s2.0-85102536856,Regional differences in PAP care: More questions than answers,Billings M.E.,2021,Journal of Clinical Sleep Medicine,10.5664/jcsm.9106,1,https://www.scopus.com/record/display.uri?eid=2-s2.0-85102536856&origin=resultslist,False,3_Proxy_Citation,1
2-s2.0-85133666138,Use of the Delphi method to develop a list of low-value care practices in obstetrics and gynecology in Taiwan,Chang Y.S.,2021,Taiwan Journal of Public Health,10.6288/TJPH.202110_40(5).110017,0,https://www.scopus.com/record/display.uri?eid=2-s2.0-85133666138&origin=resultslist,False,3_Proxy_Citation,1
2-s2.0-85105809756,"Association between the use of health services, cardiovascular risk factors and metabolic syndrome in mexican adults",Ortiz-Rodríguez M.A.,2021,International Journal of Environmental Research and Public Health,10.3390/ijerph18105336,0,https://www.scopus.com/record/display.uri?eid=2-s2.0-85105809756&origin=resultslist,False,3_Proxy_Citation,1
2-s2.0-85101294745,Streamlining the Cochlear Implant Evaluation: Utility of Community Audiometry in Cochlear Implant Candidacy Assessment,Shah R.R.,2021,Otology and Neurotology,10.1097/MAO.0000000000002942,0,https://www.scopus.com/record/display.uri?eid=2-s2.0-85101294745&origin=resultslist,False,3_Proxy_Citation,1
2-s2.0-85101236097,Physician-Driven Discretionary Utilization: Measuring Overuse and Choosing Wisely,Ruhnke G.W.,2021,Journal of Hospital Medicine,10.12788/jhm.3559,0,https://www.scopus.com/record/display.uri?eid=2-s2.0-85101236097&origin=resultslist,False,3_Proxy_Citation,1
2-s2.0-85118471666,Partnering with healthcare systems to improve HPV vaccination:The perspective of immunization program managers,Grabert B.K.,2021,Human Vaccines and Immunotherapeutics,10.1080/21645515.2021.1993041,0,https://www.scopus.com/record/display.uri?eid=2-s2.0-85118471666&origin=resultslist,False,3_Proxy_Citation,1
